INSERT INTO `alunos` (`id`, `nome`, `certidao_nasc`, `endereco`, `telefone`, `data_nasc`, `turno`, `oficina_id`, `created_at`, `updated_at`) VALUES
(1, 'Robson dias', '123456', 'Rua otavio 78', '33814587', '2001-05-10', 'Manha', 1, '2017-09-18 00:26:33', '2017-09-18 00:26:33'),
(2, 'Pedro Borges', '123456', 'Rua otavio 78', '33814587', '2001-05-10', 'Tarde', 1, '2017-09-18 00:26:33', '2017-09-18 00:26:33'),
(3, 'Camile Pedrozo', '123456', 'Rua otavio 78', '33814587', '2001-05-10', 'Noite', 1, '2017-09-18 00:26:33', '2017-09-18 00:26:33'),
(4, 'Jean Luiz Windsu', '123456', 'Rua otavio 78', '33814587', '2001-05-10', 'Noite', 3, '2017-09-18 00:26:33', '2017-09-18 00:26:33'),
(5, 'Valeria Lemos', '123456', 'Rua otavio 78', '33814587', '2001-05-10', 'Tarde', 3, '2017-09-18 00:26:33', '2017-09-18 00:26:33'),
(6, 'Gabriel Knopf', '123456', 'Rua otavio 78', '33814587', '2001-05-10', 'Manha', 2, '2017-09-18 00:26:33', '2017-09-18 00:26:33'),
(7, 'Julia Franchetto', '123456', 'Rua otavio 78', '33814587', '2001-05-10', 'Manha', 2, '2017-09-18 00:26:33', '2017-09-18 00:26:33'),
(8, 'Dominic Martins', '123456', 'Rua otavio 78', '33814587', '2001-05-10', 'Tarde', 1, '2017-09-18 00:26:33', '2017-09-18 00:26:33');

INSERT INTO `auxiliars` (`id`, `nome`, `telefone`, `rg`, `email`, `endereco`, `data_nasc`, `cpf`, `created_at`, `updated_at`) VALUES
(1, 'felipa', '33811648', '123456789', 'aux@cc.com', 'rua dr flores 778', '1950-06-09', '87945612355', '2017-09-17 23:46:08', '2017-09-17 23:46:08');

INSERT INTO `coordenadors` (`id`, `nome`, `telefone`, `rg`, `email`, `endereco`, `data_nasc`, `cpf`, `created_at`, `updated_at`) VALUES
(1, 'Pablo', '3381-1648', '895', 'cc@cc.com', 'rua DR Flores 778', '1989-05-05', '89556859511', '2017-09-17 23:37:31', '2017-09-17 23:37:31');

INSERT INTO `dias` (`id`, `dia_semana`, `created_at`, `updated_at`) VALUES
(1, 'segunda', '2017-09-17 23:22:52', '2017-09-17 23:22:52'),
(2, 'terca', '2017-09-17 23:24:21', '2017-09-17 23:24:21'),
(3, 'quarta', '2017-09-17 23:24:39', '2017-09-17 23:24:39'),
(4, 'quinta', '2017-09-17 23:24:54', '2017-09-17 23:25:22'),
(5, 'sexta', '2017-09-17 23:25:34', '2017-09-17 23:25:34');

INSERT INTO `horarios` (`id`, `horarios`, `created_at`, `updated_at`) VALUES
(1, '08:00', '2017-09-17 23:10:24', '2017-09-17 23:11:45'),
(2, '09:00', '2017-09-17 23:12:11', '2017-09-17 23:12:11'),
(3, '10:00', '2017-09-17 23:12:39', '2017-09-17 23:12:39'),
(4, '11:00', '2017-09-17 23:12:50', '2017-09-17 23:12:50'),
(5, '13:00', '2017-09-17 23:13:18', '2017-09-17 23:13:18'),
(6, '14:00', '2017-09-17 23:13:28', '2017-09-17 23:13:28'),
(7, '15:00', '2017-09-17 23:13:36', '2017-09-17 23:13:36'),
(8, '16:00', '2017-09-17 23:13:46', '2017-09-17 23:13:46'),
(9, '17:00', '2017-09-17 23:13:59', '2017-09-17 23:14:36'),
(10, '18:00', '2017-09-17 23:14:51', '2017-09-17 23:14:51'),
(11, '19:00', '2017-09-17 23:15:53', '2017-09-17 23:15:53');

INSERT INTO `oficinas` (`id`, `nome_oficina`, `professor_id`, `created_at`, `updated_at`) VALUES
(1, 'violao', 1, '2017-09-18 00:06:27', '2017-09-18 00:06:27'),
(2, 'dança', 2, '2017-09-18 00:06:27', '2017-09-18 00:06:27'),
(3, 'teatro', 3, '2017-09-18 00:06:27', '2017-09-18 00:06:27'),
(4, 'capoeira', 4, '2017-09-18 00:06:27', '2017-09-18 00:06:27');

INSERT INTO `professors` (`id`, `nome`, `telefone`, `rg`, `email`, `endereco`, `data_nasc`, `cpf`, `created_at`, `updated_at`) VALUES
(1, 'Heitor Martins', '33814569', '123456789', 'musica@cc.com', 'rua arthur 145', '1990-08-26', '12345678911', '2017-09-18 00:03:56', '2017-09-18 00:03:56'),
(2, 'Barbara Cunha', '33818895', '123456789', 'danca@cc.com', 'rua Primavera 912', '1996-04-15', '12345678911', '2017-09-18 00:03:56', '2017-09-18 00:03:56'),
(3, 'Renan Queiroz', '33814569', '123456789', 'teatro@cc.com', 'av Julho Castilhos 6969', '1993-12-02', '12345678911', '2017-09-18 00:03:56', '2017-09-18 00:03:56'),
(4, 'Juliano Pinto', '33814569', '123456789', 'capoeira@cc.com', 'travessa Cunha Flores 45', '1975-09-10', '12345678911', '2017-09-18 00:03:56', '2017-09-18 00:03:56');

INSERT INTO `turmas` (`id`, `descricao`,`vagas`, `data_limite`, `oficina_id`, `horario_id`, `dia_id`, `created_at`, `updated_at`) VALUES
(1, "Violão - 01/2017", '10', '2017-09-09', 1, 1, 1, '2017-09-18 01:07:54', '2017-09-18 01:07:54'),
(2, "Violão - 03/2017", '10', '2017-09-09', 1, 7, 3, '2017-09-18 01:07:54', '2017-09-18 01:07:54'),
(3, "Violão - 03/2017", '10', '2017-09-09', 1, 5, 2, '2017-09-18 01:07:54', '2017-09-18 01:07:54'),
(4, "teatro - 01/2017", '20', '2017-09-15', 3, 10, 5, '2017-09-18 01:07:54', '2017-09-18 01:07:54');

INSERT INTO `turmas_alunos` (`turma_id`, `aluno_id`) VALUES 
(1, 1),
(1, 2),
(1, 3),
(2, 4),
(2, 5),
(3, 6),
(3, 8),
(4, 2),
(4, 3),
(4, 4),
(4, 5),
(4, 6),
(4, 7),
(4, 8);

INSERT INTO `frequencia_conteudos` (`id`, `presenca`,`atividade_ministrada`, `data`, `turma_id`, `aluno_id`) VALUES
(1, 'A', 'introdução a musica', '2017-09-18', 1, 1),
(2, 'P', 'introdução a musica', '2017-09-18', 1, 2),
(3, 'P', 'introdução a musica', '2017-09-18', 1, 3),
(4, 'P', 'introdução a musica', '2017-09-20', 2, 4),
(5, 'P', 'introdução a musica', '2017-09-20', 2, 5),
(6, 'P', 'introdução a musica', '2017-09-19', 3, 6),
(7, 'P', 'introdução a musica', '2017-09-19', 3, 8),
(8, 'A', 'Expressão corporal', '2017-09-15', 4, 2),
(9, 'P', 'Expressão corporal', '2017-09-15', 4, 3),
(10, 'P', 'Expressão corporal', '2017-09-15', 4, 4),
(11, 'P', 'Expressão corporal', '2017-09-15', 4,5),
(12, 'P', 'Expressão corporal', '2017-09-15', 4, 6),
(13, 'P', 'Expressão corporal', '2017-09-15', 4, 7),
(14, 'P', 'Expressão corporal', '2017-09-15', 4, 8),
(15, 'A', 'introdução a musica', '2017-09-25', 1, 1),
(16, 'P', 'introdução a musica', '2017-09-25', 1, 2),
(17, 'A', 'introdução a musica', '2017-09-25', 1, 3),
(18, 'P', 'introdução a musica', '2017-09-27', 2, 4),
(19, 'P', 'introdução a musica', '2017-09-27', 2, 5),
(20, 'P', 'introdução a musica', '2017-09-26', 3, 6),
(21, 'P', 'introdução a musica', '2017-09-26', 3, 8),
(22, 'A', 'Expressão corporal', '2017-09-22', 4, 2),
(23, 'A', 'Expressão corporal', '2017-09-22', 4, 3),
(24, 'A', 'Expressão corporal', '2017-09-22', 4, 4),
(25, 'P', 'Expressão corporal', '2017-09-22', 4,5),
(26, 'P', 'Expressão corporal', '2017-09-22', 4, 6),
(27, 'P', 'Expressão corporal', '2017-09-22', 4, 7),
(28, 'P', 'Expressão corporal', '2017-09-22', 4, 8);


